photo;160
editor;117
candy;24
camera;124
coloring;40
book;53
u;31
launcher;82
lite;55
free;473
live;179
draw;25
pixel;32
number;60
art;37
maker;58
kids;73
fun;38
text;63
on;47
n;22
my;135
3d;118
color;51
by;156
learn;98
to;99
your;51
with;98
ideas;23
x;42
business;24
pack;33
wallpapers;45
hd;74
easy;30
keyboard;58
theme;100
manga;22
i;43
and;247
collage;27
fashion;26
2018;122
music;30
video;179
little;22
game;116
food;36
truck;25
real;52
ultimate;22
racing;47
cars;24
for;507
car;68
driver;23
traffic;23
find;28
test;39
of;148
official;31
search;39
android;79
voice;23
super;44
best;43
buy;22
speed;22
go;63
sounds;24
new;52
all;40
beauty;36
selfie;47
be;28
in;79
girls;28
videos;38
shop;23
read;22
download;32
reader;38
dictionary;31
panda;21
radio;26
english;72
google;92
play;26
offline;35
app;282
online;83
htc;23
pdf;34
mobile;196
now;36
cv;42
builder;25
resume;33
facebook;32
manager;93
pro;173
space;21
call;49
blocker;22
delivery;29
scanner;35
secure;23
fast;52
classic;33
chat;132
time;31
phone;42
microsoft;23
remote;54
daily;37
the;101
dragon;24
wallpaper;50
funny;21
es;37
love;34
dc;31
az;22
mini;26
life;27
messenger;41
calls;45
browser;67
private;21
cm;35
ad;24
du;33
full;26
screen;45
block;30
recorder;27
control;35
chat,;32
meet;46
people;24
calculator;96
dating;114
black;23
singles;27
match;23
up;26
plus;39
premium;22
day;28
rich;21
local;25
languages;31
math;21
training;25
at;45
baby;49
games;113
c;34
pocket;28
bank;31
prep;27
school;22
planner;31
city;39
hospital;23
movies;41
tv;103
talking;26
2;102
lock;29
puzzle;28
player;51
watch;39
cw;21
guide;44
do;27
banking;37
smart;44
tracker;86
virtual;33
news;143
us;24
coupons;30
dr.;44
list;27
shopping;54
home;33
workout;30
counter;40
calorie;29
gps;51
fitness;28
map;30
sleep;29
run;38
sports;62
p;25
calendar;31
security;30
wifi;33
q;24
am;33
simulator;100
widget;25
bubble;22
shooter;33
clash;24
angry;24
birds;22
zombie;38
hunter;23
king;24
3;47
heroes;33
world;46
gun;27
fps;25
soccer;29
driving;29
survival;29
fantasy;33
battle;22
adventure;22
war;29
friends;27
doctor;38
blood;44
pressure;30
emergency;24
ai;27
ct;30
bc;28
ex;40
status;25
downloader;27
deals;44
z;31
scores,;22
news,;42
flights;23
travel;27
hotels;24
navigation;22
file;53
wi-fi;25
clock;24
flashlight;23
vpn;28
weather;59
ap;33
ac;35
nights;23
v;23
ab;23
ez;35
ae;34
poker;27
ar;30
ag;21
al;21
surgery;32
fc;35
au;25
bd;38
bg;21
bn;25
cs;21
bt;30
cb;25
dx;41
cg;33
cp;28
cr;26
cu;28
db;32
dg;21
dm;21
dp;35
ds;23
dv;23
dw;24
dz;21
ec;25
ef;26
er;43
ek;24
ev;22
fd;23
fl;23
florida;37
