App;Rating
photo;4409
editor;4317
camera;4118
book;4369
launcher;4371
lite;4175
free;4257
live;4249
number;4402
maker;4286
kids;4296
text;4279
my;4194
color;4357
by;4287
learn;4440
to;4318
your;4220
with;4392
hd;4254
keyboard;4366
theme;4324
and;4268
2018;4281
video;4328
game;4278
real;4188
for;4192
car;4159
the;4265
of;4303
android;4126
go;4125
in;4265
english;4299
google;4252
app;4148
online;4223
mobile;3981
manager;4152
pro;4204
a;4175
fast;4300
chat;4151
remote;3494
browser;4257
calculator;4318
dating;3932
games;4294
tv;3918
player;4218
tracker;4457
news;4215
shopping;4328
gps;4331
sports;4202
simulator;4073
file;4191
weather;4298
